New Classic Collection,Seating,Alex Pro Chair Black,Active,IC001X018A-BB,Black,https://drive.google.com/open?id=1h07QNuYmBMmhDec35xAlYx0neqJxDAiS&usp=drive_copy,https://drive.google.com/open?id=1OPyuO-zgPq_3E5PuKGgAUSnFWQpp8XPx&usp=drive_copy,https://youtu.be/VVPEDwZ89Rw,
New Classic Collection,Seating,Alex Pro Chair Shark Grey,Active,IC001X018A-SG,Shark Grey,https://drive.google.com/open?id=1h07QNuYmBMmhDec35xAlYx0neqJxDAiS&usp=drive_copy,https://drive.google.com/open?id=1OPyuO-zgPq_3E5PuKGgAUSnFWQpp8XPx&usp=drive_copy,https://youtu.be/VVPEDwZ89Rw,
New Classic Collection,Seating,Alex Pro Chair White,Active,IC001X018A-WW,White,https://drive.google.com/open?id=1h07QNuYmBMmhDec35xAlYx0neqJxDAiS&usp=drive_copy,https://drive.google.com/open?id=1OPyuO-zgPq_3E5PuKGgAUSnFWQpp8XPx&usp=drive_copy,https://youtu.be/VVPEDwZ89Rw,
New Classic Collection,Trolleys,Alex trolley,Active,RA-104A,Grey,https://drive.google.com/drive/folders/1FBH7n2J_YMb_sqJNLqQOGpEgOtnRDvtz?usp=drive_link,https://drive.google.com/open?id=1Y-3JYqDYgDuZ6IXkHGhwhtN2DustU_x0&usp=drive_copy,,Sense vídeo disponible
New Classic Collection,Seating,Alma Arm Chair Blanca,Active,SK014F002A-W,White,https://drive.google.com/drive/folders/14Utwa5u3iQb9QD1AHFOF4FUvhqmgukQU?usp=drive_link,,https://youtu.be/…,
New Classic Collection,Seating,Alma Arm Chair Marrón,Active,SK014F002A-DB,Dark Bronze,https://drive.google.com/drive/folders/14Utwa5u3iQb9QD1AHFOF4FUvhqmgukQU?usp=drive_link,,https://youtu.be/…,
New Classic Collection,Seating,Alma Chair Blanca,Active,SK014F001A-W,White,https://drive.google.com/drive/folders/14Utwa5u3iQb9QD1AHFOF4FUvhqmgukQU?usp=drive_link,https://drive.google.com/open?id=1azjl149rT_6GBP2Dei3Qy5J6vHwylIiY&usp=drive_copy,https://youtu.be/…,
New Classic Collection,Seating,Alma Chair Marrón,Active,SK014F001A-DB,Dark Bronze,https://drive.google.com/drive/folders/14Utwa5u3iQb9QD1AHFOF4FUvhqmgukQU?usp=drive_link,https://drive.google.com/open?id=1azjl149rT_6GBP2Dei3Qy5J6vHwylIiY&usp=drive_copy,https://youtu.be/…,
New Classic Collection,Seating,Alvar stool,Active,PC-019-SG	,Shark grey,https://drive.google.com/drive/folders/19p7slSpYGJrOmeCIjJIkZypuX_xwk-fA?usp=drive_link,https://drive.google.com/open?id=1EQOw96Yo9YuBQ3gKQLXUfYhkqLAkjCLS&usp=drive_copy,,Fitxa tècnica pendent
New Classic Collection,Seating,Aran chair plus Blanca,Active,IC009X002A-WW,White,https://drive.google.com/drive/folders/1cPRgcJx-vOku758Qhcb9fHtjy0wdM5Xt?usp=drive_link,https://drive.google.com/open?id=1KL0BSY2OxftuBfYh1o9SoRGwLT5GKEYr&usp=drive_copy,https://youtu.be/SjF28b_LPns,
New Classic Collection,Seating,Aran chair plus Gris,Active,IC009X002A-SG,Shark Grey,https://drive.google.com/drive/folders/1cPRgcJx-vOku758Qhcb9fHtjy0wdM5Xt?usp=drive_link,https://drive.google.com/open?id=1KL0BSY2OxftuBfYh1o9SoRGwLT5GKEYr&usp=drive_copy,https://youtu.be/SjF28b_LPns,
New Classic Collection,Seating,Aran chair plus Negra,Active,IC009X002A-BB,Black,https://drive.google.com/drive/folders/1cPRgcJx-vOku758Qhcb9fHtjy0wdM5Xt?usp=drive_link,https://drive.google.com/open?id=1KL0BSY2OxftuBfYh1o9SoRGwLT5GKEYr&usp=drive_copy,https://youtu.be/SjF28b_LPns,
New Classic Collection,Seating,Aran chair standard Blanca,Active,IC009X001A-WW,White,https://drive.google.com/drive/folders/1cPRgcJx-vOku758Qhcb9fHtjy0wdM5Xt?usp=drive_link,,https://youtu.be/SjF28b_LPns,
New Classic Collection,Seating,Aran chair standard Gris,Active,IC009X001A-SG,Shark grey,https://drive.google.com/drive/folders/1cPRgcJx-vOku758Qhcb9fHtjy0wdM5Xt?usp=drive_link,,https://youtu.be/SjF28b_LPns,
New Classic Collection,Seating,Aran chair standard Negra,Active,IC009X001A-BB,Black,https://drive.google.com/drive/folders/1cPRgcJx-vOku758Qhcb9fHtjy0wdM5Xt?usp=drive_link,,https://youtu.be/SjF28b_LPns,
New Classic Collection,Trolleys,Aran trolley,Active,RA-CB031F001,Grey,https://drive.google.com/drive/folders/1cPRgcJx-vOku758Qhcb9fHtjy0wdM5Xt?usp=drive_link,,,
New Classic Collection,Seating,Big Alex Chair Blanca,Active,IC008X001A-WW,White,https://drive.google.com/drive/folders/1OdqW35O6JYp4WgnWuCHZwS0woGVejnAu?usp=drive_link,https://drive.google.com/open?id=1FKMdAM9RtT4IUe6Opo9ILd-PstzUJaSO&usp=drive_copy,https://youtu.be/VVPEDwZ89Rw,
New Classic Collection,Seating,Big Alex Chair Negra,Active,IC008X001A-BB,Black,https://drive.google.com/drive/folders/1OdqW35O6JYp4WgnWuCHZwS0woGVejnAu?usp=drive_link,https://drive.google.com/open?id=1FKMdAM9RtT4IUe6Opo9ILd-PstzUJaSO&usp=drive_copy,https://youtu.be/VVPEDwZ89Rw,
New Classic Collection,Seating,Big Alex Shark Grey,Active,IC008X001A-SG,Shark Grey,https://drive.google.com/drive/folders/1OdqW35O6JYp4WgnWuCHZwS0woGVejnAu?usp=drive_link,https://drive.google.com/open?id=1FKMdAM9RtT4IUe6Opo9ILd-PstzUJaSO&usp=drive_copy,https://youtu.be/VVPEDwZ89Rw,
New Classic Collection,Trolleys,Bigalex trolley,Active,RA-CB031F001,Grey,https://drive.google.com/drive/folders/1SWVvOhXMPbY6mfQnRN0CykVCsMkFbLdV?usp=drive_link,https://drive.google.com/open?id=1tHFPYpCHnx9ebChIDMwaQCsCmSuIe2cG&usp=drive_copy,,
New Classic Collection,Tables,Bistrot70,Active,BT009X001A-DB,Dark Bronze,https://drive.google.com/drive/folders/1YGXWvKDMkl42OdoTjGaRjL00C-SsU8Iw?usp=drive_link,https://drive.google.com/open?id=1WvB2vkGgR3k97jXe6t4CqJuvcdm6PEuk&usp=drive_copy,,
New Classic Collection,Tables,Bistrot70,Active,BT009X001A-WW,White,https://drive.google.com/drive/folders/1YGXWvKDMkl42OdoTjGaRjL00C-SsU8Iw?usp=drive_link,https://drive.google.com/open?id=1WvB2vkGgR3k97jXe6t4CqJuvcdm6PEuk&usp=drive_copy,,
New Classic Collection,Seating,Boston-k Chair Shark Grey,Active,SC-35K-SG	,Shark Grey,https://drive.google.com/drive/folders/1L8ktalidVXYiKlhJwsXAsCFmamvc-LwC?usp=drive_link,https://drive.google.com/open?id=1WwqHCiTIpDQiAJ_y_0uTQvTBzlbl6xzH&usp=drive_copy,,
New Classic Collection,Seating,Bryggen-k chair,Active,SK007I002A-BB,Black,https://drive.google.com/drive/folders/1ton-1u6Cl8wUJ22ltzUug--YlXnka4H0?usp=drive_link,https://drive.google.com/open?id=1UeUVXu7mwi7RbuX1QEiIXgpEfVB3ZEp2&usp=drive_copy,,
New Classic Collection,Trolleys,Cocktail trolley,Active,RA-277,Grey,https://drive.google.com/drive/folders/1bwmcW-p9yH81FXbZ6ZG9hOUZOCwfpU16?usp=drive_link,,,
New Classic Collection,Tables,Cocktail-L120,Active,PT060X001A,Shark Grey,https://drive.google.com/drive/folders/1kVmiIUgNHwACvZxEAPHj0yZdVnOPK4GF?usp=drive_link,https://drive.google.com/open?id=11bO3Oh6bHK1coZ6pkHeoMDapzbhIwwn0&usp=drive_copy,,
New Classic Collection,Tables,Cocktail80,Active,PT-36-NC,Shark Grey,https://drive.google.com/drive/folders/1bwmcW-p9yH81FXbZ6ZG9hOUZOCwfpU16?usp=drive_link,https://drive.google.com/open?id=15T8t8vu9uldBq8I3-GrB60PCXd6MIC4_&usp=drive_copy,https://youtu.be/RM4Pe9P4a8M,
New Classic Collection,Tables,CocktailXL76,Active,PT059X002A,Shark Grey,https://drive.google.com/drive/folders/1JR05QTlMT5uGWDt2wobDqsvwLfeCRUr6?usp=drive_link,https://drive.google.com/open?id=1IYPovybHfndWU3S5KjCZWxr24Yr59V3P&usp=drive_copy,,
New Classic Collection,,Dakota picnic set,Active,PT046X001,Light Brown / Grey,https://drive.google.com/drive/folders/120Sne4oF6cDrL701B-exXZLbbFT-efFB?usp=drive_link,https://drive.google.com/open?id=1AMwYczuqirykJAaViQ9RUpJA_yMezoiD&usp=drive_copy,,
New Classic Collection,,Display Rack,Active,RA-287,Grey,https://drive.google.com/drive/folders/1ZCfMIS0TXjzoINeqc84TyXVDdPbPlTJf?usp=drive_link,https://drive.google.com/open?id=1t2HDBettF6eCkMGkneHeVDpgq4-TxyYg&usp=drive_copy,,
New Classic Collection,Seating,Günther chair,Active,FC001A002A,Grey / Black,https://drive.google.com/drive/folders/1LhW50DYyRTazLCTEyNmnm1FsogLZCgAy?usp=drive_link,https://drive.google.com/open?id=1dK3ri1MzVcmKzkslHvjKso3wCwjFyPEw&usp=drive_copy,,
New Classic Collection,Seating,Günther-k chair,Active,FC001A006A,Grey / Black,https://drive.google.com/drive/folders/1GOM_j_i_V1hc_d8KRp2QELVYtrZ538xU?usp=drive_link,https://drive.google.com/open?id=1nctb0srfxN5T7LIkiD8AKHKrS4AGTjEw&usp=drive_copy,,
New Classic Collection,Tables,Imperial200,Active,PT057X001A,Shark Grey,https://drive.google.com/drive/folders/1UX_hgcn9ucImQ1NK8g592f_rERc4-Jev?usp=drive_link,https://drive.google.com/open?id=10Bv0ORcj8Kq_nB68sO0Ev0Vym63rVs1n&usp=drive_copy,https://youtu.be/zJ9M3dxuZBI,
New Classic Collection,Tables,L120,Active,BT004X015,Shark Grey,https://drive.google.com/drive/folders/17-Ncj8f20yV-a5qh2EMWXS-nngwt_3yt?usp=drive_link,https://drive.google.com/open?id=1tKJZSXf2kff9gVWCru6_pjHoZV0H4SYc&usp=drive_copy,,
New Classic Collection,Trolleys,Liamtrolley,Active,CB002F005,Grey,,,,
New Classic Collection,Trolleys,Ltrolley,Active,RA-101A,Light Grey,,,,
New Classic Collection,Seating,Ludwig chair blanco,Active,PC020X001A-WW,Black,https://drive.google.com/drive/folders/1pQnu8_k5uj524fLjTeug8gUR2VSFA69Z?usp=drive_link,https://drive.google.com/open?id=1Sn6ATRfcqcwjJiCn-nwPc7oqDoMcpqGi&usp=drive_copy,,
New Classic Collection,Seating,Ludwig chair gris	,Active,PC020X001A-SG,Shark Grey,https://drive.google.com/drive/folders/1pQnu8_k5uj524fLjTeug8gUR2VSFA69Z?usp=drive_link,https://drive.google.com/open?id=1Sn6ATRfcqcwjJiCn-nwPc7oqDoMcpqGi&usp=drive_copy,,
New Classic Collection,Seating,Ludwig chair negro,Active,PC020X001A-BB,White,https://drive.google.com/drive/folders/1pQnu8_k5uj524fLjTeug8gUR2VSFA69Z?usp=drive_link,https://drive.google.com/open?id=1Sn6ATRfcqcwjJiCn-nwPc7oqDoMcpqGi&usp=drive_copy,,
New Classic Collection,Tables,M183,Active,PT-033-NC,Shark Grey,https://drive.google.com/drive/folders/1BQbasaLAP9q4T-aA3AOI3gqOSgBRELeD?usp=drive_link,https://drive.google.com/open?id=19KHB1ldUzdDP1P-sMnL9GJAKY_GAokvg&usp=drive_copy,https://youtu.be/kZo1vsGqEvw,
New Classic Collection,Seating,Malmö chair,Active,FC010A004A,Grey / Black,https://drive.google.com/drive/folders/1gMPWoZRMDbNRCbT4wgCSvemHt2NjsdQc?usp=drive_link,https://drive.google.com/open?id=1Mr08zVfDOi8gWZnA7S5HbOgv8NuOIRHG&usp=drive_copy,,
New Classic Collection,Seating,Malmö-k chair,Active,FC010A003A,Grey / Black,https://drive.google.com/drive/folders/1h7aO73rpOVHtgctbMOKODdHzm6gIm_Ut?usp=drive_link,https://drive.google.com/open?id=12YE5uHAqbVpi9UoBlsDV0YfrOTSkKBwl&usp=drive_copy,,
New Classic Collection,Trolleys,Multi-trolley,Active,CB034F001A,Grey,https://drive.google.com/drive/folders/1yInzyG4FJdKjWKuRm19rfI4-9IsRl8Xt?usp=drive_link,https://drive.google.com/open?id=112Ciq5_o4EGy9F0T0h89rfe0pzDTxUEs&usp=drive_copy,,
New Classic Collection,Tables,Munich50,Active,PT004X002A,Brown / Green,https://drive.google.com/drive/folders/1j_EEq11AIGWMJ9H34YsE6jzUzJ9UTuH4?usp=drive_link,https://drive.google.com/open?id=1Gd1vAEnGg0jfmos0UAVeBNz-Qw31aPU3&usp=drive_copy,https://youtu.be/47TKFdsKdTY,
New Classic Collection,Tables,Munich70,Active,PT-46,Brown / Green,https://drive.google.com/drive/folders/111YrOJs3frjKUlSm0I1xXMlWWfZAqZEB?usp=drive_link,https://drive.google.com/open?id=1B-7Byf7yNkNVuJ0nwT7l4iwI9XA5OYhJ&usp=drive_copy,https://youtu.be/47TKFdsKdTY,
New Classic Collection,Seating,Munich Bench,Active,,Brown / Green,https://drive.google.com/drive/folders/1CkmV3e-nUlWLghvMfiMj0IA44ywi24cH?usp=drive_link,https://drive.google.com/open?id=1lUQYx6TCWWfp_TeVidubZ_1dRR2vLouq&usp=drive_copy,https://youtu.be/Y6-qfJNVsiw,
New Classic Collection,,Munich Set,Active,,Brown / Green,https://drive.google.com/drive/folders/1yHNEeRjJNeoLy7CgG3kUfHJo9tQMN-Au?usp=drive_link,,,
New Classic Collection,Seating,Norman chair,Active,PC-23-SG,Shark Grey,https://drive.google.com/drive/folders/1odKfqgWu_odkfx3edWCAeUKeSa-7lJ3z?usp=drive_link,https://drive.google.com/open?id=104Q8S6vR27qHwcA0_QPYWUvYUIQS4xjK&usp=drive_copy,,
New Classic Collection,Trolleys,Norman trolley,Active,RA-103-01,Grey,https://drive.google.com/drive/folders/1Oo0WBcDzzeDCPWKw3HSIxWvroYRh9jgC?usp=drive_link,https://drive.google.com/open?id=11BVfePcRkPQK-SWmeNVYTNyE-IFW53eE&usp=drive_copy,,
New Classic Collection,Seating,Oktober175,Active,PC-10-SG,Shark Grey,https://drive.google.com/drive/folders/1qcQdCdYEs5zbfT57xnj_4malSd0SPk_k?usp=drive_link,https://drive.google.com/open?id=1yix7x_dmLRxEFP3-K4epm4F0CWiS7kTl&usp=drive_copy,,
New Classic Collection,Seating,Olaf chair Blanco,Active,IC004X003A-WW,White / White,https://drive.google.com/drive/folders/1Tf2ipZikTdHswfaEISS9RxUeApWuvyzf?usp=drive_link,https://drive.google.com/open?id=1Ke2g6MgxNUKvPjBBSySygF1z8HDsOdWB&usp=drive_copy,,
New Classic Collection,Seating,Olaf chair Negra,Active,IC004X003A-BB,Black / Black,https://drive.google.com/drive/folders/1Tf2ipZikTdHswfaEISS9RxUeApWuvyzf?usp=drive_link,https://drive.google.com/open?id=1Ke2g6MgxNUKvPjBBSySygF1z8HDsOdWB&usp=drive_copy,,
New Classic Collection,Seating,Olaf chair Shark Grey,Active,IC004X003A-SG,Shark Grey / Shark Grey,https://drive.google.com/drive/folders/1Tf2ipZikTdHswfaEISS9RxUeApWuvyzf?usp=drive_link,https://drive.google.com/open?id=1Ke2g6MgxNUKvPjBBSySygF1z8HDsOdWB&usp=drive_copy,,
New Classic Collection,Seating,Olaf skid chair negro,Active,IC004X004A - BB,White,https://drive.google.com/drive/folders/1KttizmN2Tm33bNEv4rjfjqrQxYk81pUY?usp=drive_link,https://drive.google.com/open?id=1GE8zoPLj0qj18gHL6G4JwCo-zpZxWfEU&usp=drive_copy,,
New Classic Collection,Seating,Olaf skid chair Shark Grey,Active,IC004X004A - SG,Shark Grey,https://drive.google.com/drive/folders/1KttizmN2Tm33bNEv4rjfjqrQxYk81pUY?usp=drive_link,https://drive.google.com/open?id=1GE8zoPLj0qj18gHL6G4JwCo-zpZxWfEU&usp=drive_copy,,
New Classic Collection,Seating,Olaf skid chair White,Active,IC004X004A - WW,Black,https://drive.google.com/drive/folders/1KttizmN2Tm33bNEv4rjfjqrQxYk81pUY?usp=drive_link,https://drive.google.com/open?id=1GE8zoPLj0qj18gHL6G4JwCo-zpZxWfEU&usp=drive_copy,,
New Classic Collection,Tables,Ovo200,Active,PT058X001A,Shark Grey,https://drive.google.com/drive/folders/1_xiykggfMyRsqaWuo_faOuYZ_bED27Ae?usp=drive_link,https://drive.google.com/open?id=1h5DWCAX29A1MCaJFRXwA56AOHyeTrlB3&usp=drive_copy,https://youtu.be/9OlSIrPNN9k,
New Classic Collection,Trolleys,Planet trolley,Active,RA-106A,Grey,https://drive.google.com/drive/folders/1gJqwioLFlkuydfESi47xgRSp4nJg7zhA?usp=drive_link,https://drive.google.com/open?id=1QmLDvsFFQZfQfclUo8pxLj9WIUbvQzhi&usp=drive_copy,,
New Classic Collection,Tables,Planet120,Active,BT-48J-NC,Shark Grey,https://drive.google.com/drive/folders/1y7HUdXVB_FTOhtnz_hFoZzn-OUv1Eigq?usp=drive_link,https://drive.google.com/open?id=1NBEtXwF64Y07XQPXpy8FTq-SKOYFkTqn&usp=drive_copy,https://youtu.be/VmcoXaOIt2s,
New Classic Collection,Tables,Planet150,Active,BT-60J-NC,Shark Grey,https://drive.google.com/drive/folders/11EaoM4l7aZ-uEr-8sNVk717WuYwDqrHE?usp=drive_link,https://drive.google.com/open?id=1detnDBvzCzxJzs0EEiCuJrXt5L3Z7iWr&usp=drive_copy,https://youtu.be/w7DN77VSklo,
New Classic Collection,Tables,Planet160,Active,BT-63-NC,Shark Grey,https://drive.google.com/drive/folders/1fcVeN8LfKZWajhkD002Ee0mEj7TDnjdR?usp=drive_link,https://drive.google.com/open?id=11eDM_A6GQrEGkR1gMq4f5rv_JwX_nODE&usp=drive_copy,https://youtu.be/IIvhD6oeKmQ,
New Classic Collection,Tables,Planet180,Active,BT-71-NC,Shark Grey,https://drive.google.com/drive/folders/1qImN43rn_iBeGR9JEK07pubyulAMsIxK?usp=drive_link,https://drive.google.com/open?id=1dLV4rx51d8LHx5FobvjhhEJS0wnyUS6J&usp=drive_copy,,
New Classic Collection,Tables,Planet200,Active,BT078K001A,Shark Grey,https://drive.google.com/drive/folders/1htHx0QvCI1OfEh7BOgRM5LZv1N7RivdH?usp=drive_link,https://drive.google.com/open?id=1i5r4-Mn_bygpJ-fTU7T7ErBmY_sgZ9rx&usp=drive_copy,https://youtu.be/LdWsjSulP8g,
New Classic Collection,Tables,Praxis80,Active,PT-37-NC,Shark Grey,https://drive.google.com/drive/folders/1aBimR3SAi1n5A0Up_C3wvs_GkSdmJo28?usp=drive_link,https://drive.google.com/open?id=1RGWhDPTjKeFJJvfNnt5U56cZHQwcGKhQ&usp=drive_copy,https://youtu.be/-p2-yfKsdlQ,
New Classic Collection,Seating,Sharpbench,Active,PC-15F-SG,Shark Grey,https://drive.google.com/drive/folders/1YEdKD0E8tTSCLfwoTVDMH_jnD2ghFSK1?usp=drive_link,https://drive.google.com/open?id=1KrK0GAE06UJL42agjAWSt-Ucq8KkvOLk&usp=drive_copy,,
New Classic Collection,Tables,Sharptable New Zown Classic,Active,BT-06FG-NC,Shark Grey,https://drive.google.com/drive/folders/11W6KoKY4qpYV_5coQZ3Fx20JqsUN-OQb?usp=drive_link,https://drive.google.com/open?id=11qNiy9EOC9wxxLe9l6Vr8zkOlQHcdlbz&usp=drive_copy,,
New Classic Collection,Tables,Topshelf New Zown Classic,Active,PT-26-NC,Shark Grey,,,,
New Classic Collection,Seating,Truman chair Blanca,Active,SK017I001A-WW,White,,,,
New Classic Collection,Seating,Truman chair Gris,Active,SK017I001A-SG,Shark grey,,,,
New Classic Collection,Seating,Truman chair Negra,Active,SK017I001A-BB,Black,,,,
New Classic Collection,Tables,Worktoptable,Active,BT-06A-002-NC,Shark Grey,https://drive.google.com/drive/folders/1QuOCPUOSSQhRZDZWZsit0JUAItYYOrk9?usp=drive_link,https://drive.google.com/open?id=1mI45qPVxAbaXWZSsdI4VkGbTlgXo23PG&usp=drive_copy,,
New Classic Collection,Tables,XL120,Active,BT004X014,Shark Grey,https://drive.google.com/drive/folders/1jnxjYsowL93Rv0jyiOFQm0qfJzGTSuoE?usp=drive_link,https://drive.google.com/open?id=1T8bLseWWWCtT7hDtkUTDRKum2nTvwATt&usp=drive_copy,https://youtu.be/jdQ1LIYTHTw,
New Classic Collection,Tables,XL150,Active,BT005X012,Shark Grey,https://drive.google.com/drive/folders/1LBuyiDErP1C_Wtq-FevQYgACC9720v_v?usp=drive_link,https://drive.google.com/open?id=1KBk7gA1LHzZm3R6skxY5q7VHo5LOKz6s&usp=drive_copy,https://youtu.be/9WL4L9tdUTA,
New Classic Collection,Tables,XL180,Active,BT006X020,Shark Grey,https://drive.google.com/drive/folders/1s_lTow5bS59EIDLvOiyOxD0ZEF4iOQo4?usp=drive_link,https://drive.google.com/open?id=1V6nTz4ToolNqe1rCSqtPiViwdTEYcs-j&usp=drive_copy,https://youtu.be/UjMAhTvE4Tg,
New Classic Collection,Tables,XL240,Active,BT008X010,Shark Grey,https://drive.google.com/drive/folders/1n4ppVc2lgb497RVzqyX9buMi4aay4f14?usp=drive_link,https://drive.google.com/open?id=1RoPw4AoEIi4hq_muhOeJOKSf_AHOpGuT&usp=drive_copy,https://youtu.be/yLVJqteye00,
New Classic Collection,Tables,XLcorner,Active,PT-32-NC,Shark Grey,https://drive.google.com/drive/folders/1nXwIL_jw4y_lQsZ9oqVrgFXd5S3j9-Il?usp=drive_link,https://drive.google.com/open?id=1_YMlAUHiUtf88u0X3D9sm0lXGLMSvDke&usp=drive_copy,https://youtu.be/WhxcBf37LP4,
New Classic Collection,Tables,XLmoon,Active,PT015X001,Shark Grey,https://drive.google.com/drive/folders/17Kg9-B9jqAEzrWyfZG2b9rb06P5hKNFS?usp=drive_link,https://drive.google.com/open?id=1tY3F1dnJ2KpWGnwHYhrtH3qFQyTCjgrt&usp=drive_copy,https://youtu.be/3InYhIqw55U,
New Classic Collection,Trolleys,XLtrolley,Active,RA-102A,Grey,https://drive.google.com/drive/folders/1-yMKvaSyqCOXhi-_uitw5PgnR67TjtqN?usp=drive_link,https://drive.google.com/open?id=1eoQhM_NdyPapEHSj6pK8YcFnaVBaZ9kv&usp=drive_copy,,
New Classic Collection,Tables,XXL180,Active,PT050X001,Shark Grey,https://drive.google.com/drive/folders/1HDbtNhnmN3vFz4gU8MP5Tmj5FnxV06ib?usp=drive_link,https://drive.google.com/open?id=1zVKEnhtXKScHJCxOAvhBIdK8BGyjtf54&usp=drive_copy,https://youtu.be/g6T29idl2j8,
New Classic Collection,Tables,XXL200,Active,PT024X002,Shark Grey,https://drive.google.com/drive/folders/1sjD2G4NA15Kldeo4Pe2nQesL4VKl_EWP?usp=drive_link,https://drive.google.com/open?id=1b5gT_h4CLvOEFsXJpqP1OZYJ2kaLo9Ut&usp=drive_copy,,
New Classic Collection,Tables,XXL240,Active,PT012X004A,Shark Grey,https://drive.google.com/drive/folders/1Wi44s9w8DmbtUfYZ9KwtRT4BtiVX5zlj?usp=drive_link,https://drive.google.com/open?id=1hdxLFTRIYn5mKf7hSEGtSIU_6oFrltML&usp=drive_copy,,
New Classic Collection,Tables,XXL90,Active,BT-36-NC,Shark Grey,https://drive.google.com/drive/folders/1m5jomRSuDdVH6oBZTqsOuNzAe31RMqbC?usp=drive_link,https://drive.google.com/open?id=1FCC6EpTfZfmeZhK3rWM261_zmhiuWJnF&usp=drive_copy,https://youtu.be/wao1ww6qAvo,
New Classic Collection,Tables,XXLcorner,Active,PT-33-NC,Shark Grey,https://drive.google.com/open?id=19WwGai873rKHYmleRvn-lI_F6I0igzeh&usp=drive_copy,https://drive.google.com/open?id=17gk_rlQf3ftOjPOW2f485ZX3ySh-BppC&usp=drive_copy,,
New Classic Collection,Tables,XXLmoon,Active,PT016X002,Shark Grey,https://drive.google.com/drive/folders/1ofOPOvW0MD8ddY8JY9CJKG4pfhJg04Aj?usp=drive_link,https://drive.google.com/open?id=17gk_rlQf3ftOjPOW2f485ZX3ySh-BppC&usp=drive_copy,,
New Classic Collection,Tables,XXLtrolley,Active,RA-105A,Grey,https://drive.google.com/open?id=1we2ovxABGpiRt6Jxml4ZIGfXQ74v0Kdl&usp=drive_copy,https://drive.google.com/open?id=1GSST4kSjqjOBKPuCzCchsJAtV4lIcf57&usp=drive_copy,,